[
{
  "model": "orders.orderstatus",
  "pk": 1,
  "fields": {
    "name": "Order Placed",
    "is_active": true
  }
},
{
  "model": "orders.orderstatus",
  "pk": 2,
  "fields": {
    "name": "Preparing",
    "is_active": true
  }
},
{
  "model": "orders.orderstatus",
  "pk": 3,
  "fields": {
    "name": "Ready for Pickup",
    "is_active": true
  }
},
{
  "model": "orders.orderstatus",
  "pk": 4,
  "fields": {
    "name": "Picked up",
    "is_active": true
  }
},
{
  "model": "orders.discountcode",
  "pk": 1,
  "fields": {
    "code": "BURGER10",
    "discount_type": "percentage",
    "value": "10.00",
    "min_order_amount": "0.00",
    "max_uses": null,
    "used_count": 2,
    "valid_until": "2026-06-30T12:00:00Z",
    "is_active": true
  }
},
{
  "model": "orders.order",
  "pk": 1,
  "fields": {
    "order_type": "pickup",
    "total_amount": "360.00",
    "discount_code": 1,
    "discount_amount": "40.00",
    "customer_note": "",
    "guest_name": null,
    "guest_email": null,
    "created_at": "2026-06-03T17:25:29.507Z",
    "customer": 1,
    "status": 1
  }
},
{
  "model": "orders.order",
  "pk": 2,
  "fields": {
    "order_type": "pickup",
    "total_amount": "360.00",
    "discount_code": 1,
    "discount_amount": "40.00",
    "customer_note": "",
    "guest_name": null,
    "guest_email": null,
    "created_at": "2026-06-03T17:25:48.865Z",
    "customer": 1,
    "status": 1
  }
},
{
  "model": "orders.orderitem",
  "pk": 1,
  "fields": {
    "quantity": 1,
    "order": 1,
    "product": 4,
    "product_name_snapshot": "Classic Burger",
    "unit_price_snapshot": "150.00"
  }
},
{
  "model": "orders.orderitem",
  "pk": 2,
  "fields": {
    "quantity": 1,
    "order": 1,
    "product": 14,
    "product_name_snapshot": "Loaded Parmesan Fries",
    "unit_price_snapshot": "100.00"
  }
},
{
  "model": "orders.orderitem",
  "pk": 3,
  "fields": {
    "quantity": 1,
    "order": 2,
    "product": 4,
    "product_name_snapshot": "Classic Burger",
    "unit_price_snapshot": "150.00"
  }
},
{
  "model": "orders.orderitem",
  "pk": 4,
  "fields": {
    "quantity": 1,
    "order": 2,
    "product": 14,
    "product_name_snapshot": "Loaded Parmesan Fries",
    "unit_price_snapshot": "100.00"
  }
},
{
  "model": "orders.orderitemoption",
  "pk": 1,
  "fields": {
    "option_name_snapshot": "Extra Patty",
    "extra_price_snapshot": "40.00",
    "order_item": 1
  }
},
{
  "model": "orders.orderitemoption",
  "pk": 2,
  "fields": {
    "option_name_snapshot": "Extra Cheese",
    "extra_price_snapshot": "20.00",
    "order_item": 1
  }
},
{
  "model": "orders.orderitemoption",
  "pk": 3,
  "fields": {
    "option_name_snapshot": "Chili Cheese",
    "extra_price_snapshot": "55.00",
    "order_item": 1
  }
},
{
  "model": "orders.orderitemoption",
  "pk": 4,
  "fields": {
    "option_name_snapshot": "Sriracha Mayo",
    "extra_price_snapshot": "35.00",
    "order_item": 1
  }
},
{
  "model": "orders.orderitemoption",
  "pk": 5,
  "fields": {
    "option_name_snapshot": "Extra Patty",
    "extra_price_snapshot": "40.00",
    "order_item": 3
  }
},
{
  "model": "orders.orderitemoption",
  "pk": 6,
  "fields": {
    "option_name_snapshot": "Extra Cheese",
    "extra_price_snapshot": "20.00",
    "order_item": 3
  }
},
{
  "model": "orders.orderitemoption",
  "pk": 7,
  "fields": {
    "option_name_snapshot": "Chili Cheese",
    "extra_price_snapshot": "55.00",
    "order_item": 3
  }
},
{
  "model": "orders.orderitemoption",
  "pk": 8,
  "fields": {
    "option_name_snapshot": "Sriracha Mayo",
    "extra_price_snapshot": "35.00",
    "order_item": 3
  }
},
{
  "model": "menu.category",
  "pk": 1,
  "fields": {
    "name": "Meal Deals",
    "sort_order": 2,
    "is_active": true
  }
},
{
  "model": "menu.category",
  "pk": 2,
  "fields": {
    "name": "Burgers",
    "sort_order": 1,
    "is_active": true
  }
},
{
  "model": "menu.category",
  "pk": 3,
  "fields": {
    "name": "Fries & Loaded Fries",
    "sort_order": 3,
    "is_active": true
  }
},
{
  "model": "menu.category",
  "pk": 4,
  "fields": {
    "name": "Drinks",
    "sort_order": 6,
    "is_active": true
  }
},
{
  "model": "menu.category",
  "pk": 5,
  "fields": {
    "name": "Dips",
    "sort_order": 5,
    "is_active": true
  }
},
{
  "model": "menu.category",
  "pk": 6,
  "fields": {
    "name": "Side Snacks",
    "sort_order": 4,
    "is_active": true
  }
},
{
  "model": "menu.product",
  "pk": 1,
  "fields": {
    "name": "Classic Burger Meal",
    "description": "Beef patty, tomatoes, onions, lettuce and signature house dressing",
    "price": "240.00",
    "is_active": true,
    "is_featured": true,
    "image_url": "classic_meal_pwLFs30.png",
    "created_at": "2026-04-07T18:43:28.420Z",
    "category": 1
  }
},
{
  "model": "menu.product",
  "pk": 2,
  "fields": {
    "name": "Cheese Burger Meal",
    "description": "Beef patty, caramelized onions, pickles, ketchup and mustard",
    "price": "235.00",
    "is_active": true,
    "is_featured": false,
    "image_url": "CHESE_MEAL.png",
    "created_at": "2026-04-07T18:44:25.564Z",
    "category": 1
  }
},
{
  "model": "menu.product",
  "pk": 3,
  "fields": {
    "name": "BBQ Burger Meal",
    "description": "Beef patty, pickled onions, tomatoes & sweet barbeque sauce",
    "price": "255.00",
    "is_active": true,
    "is_featured": false,
    "image_url": "BBQ_MEAL_DEAL.png",
    "created_at": "2026-04-07T18:45:43.389Z",
    "category": 1
  }
},
{
  "model": "menu.product",
  "pk": 4,
  "fields": {
    "name": "Classic Burger",
    "description": "Beef patty, tomatoes, onions, lettuce and signature house dressing",
    "price": "150.00",
    "is_active": true,
    "is_featured": false,
    "image_url": "CLASSIC_ONLY_BURGER.png",
    "created_at": "2026-04-07T18:49:36.098Z",
    "category": 2
  }
},
{
  "model": "menu.product",
  "pk": 5,
  "fields": {
    "name": "Cheese Burger",
    "description": "Beef patty, caramelized onions, pickles, ketchup and mustard",
    "price": "145.00",
    "is_active": true,
    "is_featured": false,
    "image_url": "CHEESE_ONLY_BURHER.png",
    "created_at": "2026-04-07T18:50:26.063Z",
    "category": 2
  }
},
{
  "model": "menu.product",
  "pk": 6,
  "fields": {
    "name": "BBQ Burger",
    "description": "Beef patty, pickled onions, tomatoes & sweet barbeque sauce",
    "price": "165.00",
    "is_active": true,
    "is_featured": false,
    "image_url": "BBQ_ONLY_BURGER.png",
    "created_at": "2026-04-07T18:51:06.642Z",
    "category": 2
  }
},
{
  "model": "menu.product",
  "pk": 7,
  "fields": {
    "name": "Coke",
    "description": "Cold & refreshing drink",
    "price": "45.00",
    "is_active": true,
    "is_featured": false,
    "image_url": "COKE_CAN.png",
    "created_at": "2026-04-07T18:55:05.209Z",
    "category": 4
  }
},
{
  "model": "menu.product",
  "pk": 8,
  "fields": {
    "name": "Sprite",
    "description": "Cold & refreshing drink",
    "price": "45.00",
    "is_active": true,
    "is_featured": false,
    "image_url": "SPRITE_CAN.png",
    "created_at": "2026-04-07T18:55:32.855Z",
    "category": 4
  }
},
{
  "model": "menu.product",
  "pk": 9,
  "fields": {
    "name": "Fanta Exotic",
    "description": "Cold & refreshing drink",
    "price": "45.00",
    "is_active": true,
    "is_featured": false,
    "image_url": "fanta_exotic_type_shi.png",
    "created_at": "2026-04-07T18:55:51.029Z",
    "category": 4
  }
},
{
  "model": "menu.product",
  "pk": 10,
  "fields": {
    "name": "Aioli",
    "description": "Creamy sauce made of garlic and olive oil",
    "price": "25.00",
    "is_active": true,
    "is_featured": false,
    "image_url": "aioli_UnlcO9j.png",
    "created_at": "2026-04-07T19:02:24.659Z",
    "category": 5
  }
},
{
  "model": "menu.product",
  "pk": 11,
  "fields": {
    "name": "Sriracha Mayo",
    "description": "Spicy, creamy sauce",
    "price": "35.00",
    "is_active": true,
    "is_featured": false,
    "image_url": "srirachaMAYO_qyEVbWs.png",
    "created_at": "2026-04-07T19:03:33.953Z",
    "category": 5
  }
},
{
  "model": "menu.product",
  "pk": 12,
  "fields": {
    "name": "Mild Ranch",
    "description": "Mild creamy sauce",
    "price": "35.00",
    "is_active": true,
    "is_featured": false,
    "image_url": "mildrancher_HjgI10x.png",
    "created_at": "2026-04-07T19:04:05.699Z",
    "category": 5
  }
},
{
  "model": "menu.product",
  "pk": 13,
  "fields": {
    "name": "Crinkle-cut Fries",
    "description": "Crispy, double fried",
    "price": "55.00",
    "is_active": true,
    "is_featured": false,
    "image_url": "vanlig_fries.png",
    "created_at": "2026-04-07T19:12:43.922Z",
    "category": 3
  }
},
{
  "model": "menu.product",
  "pk": 14,
  "fields": {
    "name": "Loaded Parmesan Fries",
    "description": "Crispy fries topped with aioli & sriracha mayo",
    "price": "100.00",
    "is_active": true,
    "is_featured": false,
    "image_url": "parm_fries.png",
    "created_at": "2026-04-07T19:19:03.419Z",
    "category": 3
  }
},
{
  "model": "menu.product",
  "pk": 15,
  "fields": {
    "name": "Loaded Chicken Fries",
    "description": "Crispy fries topped with sriracha mayo & fried chicken",
    "price": "150.00",
    "is_active": true,
    "is_featured": true,
    "image_url": "chicken_fries.png",
    "created_at": "2026-04-07T19:19:54.662Z",
    "category": 3
  }
},
{
  "model": "menu.product",
  "pk": 16,
  "fields": {
    "name": "Chili Cheese",
    "description": "Spicy cheesy bites with a crispy crust",
    "price": "45.00",
    "is_active": true,
    "is_featured": false,
    "image_url": "chili_chese.png",
    "created_at": "2026-04-14T20:12:59.391Z",
    "category": 6
  }
},
{
  "model": "menu.product",
  "pk": 17,
  "fields": {
    "name": "Onion Rings",
    "description": "Battered onion rings fried to perfection",
    "price": "45.00",
    "is_active": true,
    "is_featured": true,
    "image_url": "Lokringer_3RvfM6l.png",
    "created_at": "2026-04-14T20:13:27.341Z",
    "category": 6
  }
},
{
  "model": "menu.product",
  "pk": 18,
  "fields": {
    "name": "Chicken Bites",
    "description": "Freshly battered, cripsy and juice chicken bites",
    "price": "75.00",
    "is_active": true,
    "is_featured": false,
    "image_url": "kyllingbiter_VV9ZMxn.png",
    "created_at": "2026-04-14T20:13:56.148Z",
    "category": 6
  }
},
{
  "model": "menu.optiongroup",
  "pk": 1,
  "fields": {
    "name": "Upgrade Your Burger",
    "selection_type": "multiple",
    "min_select": 0,
    "max_select": 3,
    "is_active": true
  }
},
{
  "model": "menu.optiongroup",
  "pk": 2,
  "fields": {
    "name": "Upgrade Your Fries",
    "selection_type": "multiple",
    "min_select": 0,
    "max_select": 3,
    "is_active": true
  }
},
{
  "model": "menu.optiongroup",
  "pk": 3,
  "fields": {
    "name": "Add Side Snacks",
    "selection_type": "multiple",
    "min_select": 0,
    "max_select": 3,
    "is_active": true
  }
},
{
  "model": "menu.optiongroup",
  "pk": 4,
  "fields": {
    "name": "Add Dips",
    "selection_type": "multiple",
    "min_select": 0,
    "max_select": 3,
    "is_active": true
  }
},
{
  "model": "menu.option",
  "pk": 1,
  "fields": {
    "name": "Extra Patty",
    "extra_price": "40.00",
    "is_active": true,
    "option_group": 1
  }
},
{
  "model": "menu.option",
  "pk": 2,
  "fields": {
    "name": "Extra Cheese",
    "extra_price": "20.00",
    "is_active": true,
    "option_group": 1
  }
},
{
  "model": "menu.option",
  "pk": 3,
  "fields": {
    "name": "Add Jalapenos",
    "extra_price": "15.00",
    "is_active": true,
    "option_group": 1
  }
},
{
  "model": "menu.option",
  "pk": 5,
  "fields": {
    "name": "Loaded Chicken Fries",
    "extra_price": "95.00",
    "is_active": true,
    "option_group": 2
  }
},
{
  "model": "menu.option",
  "pk": 6,
  "fields": {
    "name": "Loaded Parmesan Fries",
    "extra_price": "45.00",
    "is_active": true,
    "option_group": 2
  }
},
{
  "model": "menu.option",
  "pk": 7,
  "fields": {
    "name": "Chili Cheese",
    "extra_price": "55.00",
    "is_active": true,
    "option_group": 3
  }
},
{
  "model": "menu.option",
  "pk": 8,
  "fields": {
    "name": "Onion Rings",
    "extra_price": "45.00",
    "is_active": true,
    "option_group": 3
  }
},
{
  "model": "menu.option",
  "pk": 9,
  "fields": {
    "name": "Chicken Bites",
    "extra_price": "95.00",
    "is_active": true,
    "option_group": 3
  }
},
{
  "model": "menu.option",
  "pk": 10,
  "fields": {
    "name": "Aioli",
    "extra_price": "25.00",
    "is_active": true,
    "option_group": 4
  }
},
{
  "model": "menu.option",
  "pk": 11,
  "fields": {
    "name": "Sriracha Mayo",
    "extra_price": "35.00",
    "is_active": true,
    "option_group": 4
  }
},
{
  "model": "menu.option",
  "pk": 12,
  "fields": {
    "name": "Mild Ranch",
    "extra_price": "35.00",
    "is_active": true,
    "option_group": 4
  }
},
{
  "model": "menu.productoption",
  "pk": 1,
  "fields": {
    "product": 1,
    "option": 1,
    "price_override": null
  }
},
{
  "model": "menu.productoption",
  "pk": 2,
  "fields": {
    "product": 1,
    "option": 2,
    "price_override": null
  }
},
{
  "model": "menu.productoption",
  "pk": 3,
  "fields": {
    "product": 1,
    "option": 3,
    "price_override": null
  }
},
{
  "model": "menu.productoption",
  "pk": 4,
  "fields": {
    "product": 1,
    "option": 4,
    "price_override": null
  }
},
{
  "model": "menu.productoption",
  "pk": 5,
  "fields": {
    "product": 2,
    "option": 1,
    "price_override": null
  }
},
{
  "model": "menu.productoption",
  "pk": 6,
  "fields": {
    "product": 2,
    "option": 2,
    "price_override": null
  }
},
{
  "model": "menu.productoption",
  "pk": 7,
  "fields": {
    "product": 2,
    "option": 3,
    "price_override": null
  }
},
{
  "model": "menu.productoption",
  "pk": 8,
  "fields": {
    "product": 2,
    "option": 4,
    "price_override": null
  }
},
{
  "model": "menu.productoption",
  "pk": 9,
  "fields": {
    "product": 3,
    "option": 1,
    "price_override": null
  }
},
{
  "model": "menu.productoption",
  "pk": 10,
  "fields": {
    "product": 3,
    "option": 2,
    "price_override": null
  }
},
{
  "model": "menu.productoption",
  "pk": 11,
  "fields": {
    "product": 3,
    "option": 3,
    "price_override": null
  }
},
{
  "model": "menu.productoption",
  "pk": 12,
  "fields": {
    "product": 3,
    "option": 4,
    "price_override": null
  }
},
{
  "model": "menu.productoption",
  "pk": 13,
  "fields": {
    "product": 4,
    "option": 1,
    "price_override": null
  }
},
{
  "model": "menu.productoption",
  "pk": 14,
  "fields": {
    "product": 4,
    "option": 3,
    "price_override": null
  }
},
{
  "model": "menu.productoption",
  "pk": 15,
  "fields": {
    "product": 4,
    "option": 4,
    "price_override": null
  }
},
{
  "model": "menu.productoption",
  "pk": 16,
  "fields": {
    "product": 5,
    "option": 1,
    "price_override": null
  }
},
{
  "model": "menu.productoption",
  "pk": 17,
  "fields": {
    "product": 5,
    "option": 3,
    "price_override": null
  }
},
{
  "model": "menu.productoption",
  "pk": 18,
  "fields": {
    "product": 5,
    "option": 4,
    "price_override": null
  }
},
{
  "model": "menu.productoption",
  "pk": 19,
  "fields": {
    "product": 6,
    "option": 1,
    "price_override": null
  }
},
{
  "model": "menu.productoption",
  "pk": 20,
  "fields": {
    "product": 6,
    "option": 3,
    "price_override": null
  }
},
{
  "model": "menu.productoption",
  "pk": 21,
  "fields": {
    "product": 6,
    "option": 4,
    "price_override": null
  }
},
{
  "model": "menu.productoption",
  "pk": 22,
  "fields": {
    "product": 13,
    "option": 2,
    "price_override": null
  }
},
{
  "model": "menu.productoption",
  "pk": 23,
  "fields": {
    "product": 15,
    "option": 3,
    "price_override": null
  }
},
{
  "model": "menu.productoption",
  "pk": 24,
  "fields": {
    "product": 15,
    "option": 4,
    "price_override": null
  }
},
{
  "model": "menu.productoption",
  "pk": 25,
  "fields": {
    "product": 14,
    "option": 3,
    "price_override": null
  }
},
{
  "model": "menu.productoption",
  "pk": 26,
  "fields": {
    "product": 14,
    "option": 4,
    "price_override": null
  }
},
{
  "model": "menu.productoption",
  "pk": 27,
  "fields": {
    "product": 13,
    "option": 3,
    "price_override": null
  }
},
{
  "model": "menu.productoption",
  "pk": 28,
  "fields": {
    "product": 13,
    "option": 4,
    "price_override": null
  }
},
{
  "model": "account.emailaddress",
  "pk": 1,
  "fields": {
    "user": 1,
    "email": "yalibra69@gmail.com",
    "verified": false,
    "primary": false
  }
},
{
  "model": "sites.site",
  "pk": 1,
  "fields": {
    "domain": "example.com",
    "name": "example.com"
  }
},
{
  "model": "auth.user",
  "pk": 1,
  "fields": {
    "password": "pbkdf2_sha256$1200000$dE8dDmZJ6hg6RGxpuIjPT1$EeiqyMSnHK7f7L/gEY/vUUsMUQkoQrh5w4hUE9Odtxo=",
    "last_login": "2026-06-03T17:24:26.335Z",
    "is_superuser": true,
    "username": "yousuf",
    "first_name": "",
    "last_name": "",
    "email": "yalibra69@gmail.com",
    "is_staff": true,
    "is_active": true,
    "date_joined": "2026-04-13T18:22:47.781Z",
    "groups": [],
    "user_permissions": []
  }
},
{
  "model": "auth.user",
  "pk": 2,
  "fields": {
    "password": "pbkdf2_sha256$1200000$Ly7sGQhZXGTheZ01gOehqC$UH5cr+uF3LHS7/XZF6+C8jXzv98qjfuQg6cBwirigUA=",
    "last_login": "2026-04-20T14:30:22.053Z",
    "is_superuser": false,
    "username": "ucb",
    "first_name": "",
    "last_name": "",
    "email": "",
    "is_staff": false,
    "is_active": true,
    "date_joined": "2026-04-20T14:30:21.263Z",
    "groups": [],
    "user_permissions": []
  }
}
]
