[
  {
    "model": "menu.category",
    "pk": 1,
    "fields": {
      "name": "Meal Deals",
      "sort_order": 1,
      "is_active": true
    }
  },
  {
    "model": "menu.category",
    "pk": 2,
    "fields": {
      "name": "Burgers",
      "sort_order": 2,
      "is_active": true
    }
  },
  {
    "model": "menu.category",
    "pk": 3,
    "fields": {
      "name": "Fries & Loaded Fries",
      "sort_order": 5,
      "is_active": true
    }
  },
  {
    "model": "menu.category",
    "pk": 4,
    "fields": {
      "name": "Drinks",
      "sort_order": 3,
      "is_active": true
    }
  },
  {
    "model": "menu.category",
    "pk": 5,
    "fields": {
      "name": "Dips",
      "sort_order": 4,
      "is_active": true
    }
  },
  {
    "model": "menu.product",
    "pk": 1,
    "fields": {
      "name": "Classic Burger Meal",
      "description": "Beef patty, tomatoes, onions, lettuce and signature house dressing",
      "price": "240.00",
      "is_active": true,
      "is_featured": true,
      "image_url": "cc.png",
      "created_at": "2026-04-07T18:43:28.420Z",
      "category": 1
    }
  },
  {
    "model": "menu.product",
    "pk": 2,
    "fields": {
      "name": "Cheese Burger Meal",
      "description": "Beef patty, onions, pickles, ketchup and mustard",
      "price": "235.00",
      "is_active": true,
      "is_featured": true,
      "image_url": "ch.png",
      "created_at": "2026-04-07T18:44:25.564Z",
      "category": 1
    }
  },
  {
    "model": "menu.product",
    "pk": 3,
    "fields": {
      "name": "BBQ Burger Meal",
      "description": "Beef patty, pickled onions, tomatoes & sweet barbeque sauce",
      "price": "255.00",
      "is_active": true,
      "is_featured": true,
      "image_url": "bbq.png",
      "created_at": "2026-04-07T18:45:43.389Z",
      "category": 1
    }
  },
  {
    "model": "menu.product",
    "pk": 4,
    "fields": {
      "name": "Classic Burger",
      "description": "Beef patty, tomatoes, onions, lettuce and signature house dressing",
      "price": "150.00",
      "is_active": true,
      "is_featured": false,
      "image_url": "cc_icjpjDK.png",
      "created_at": "2026-04-07T18:49:36.098Z",
      "category": 2
    }
  },
  {
    "model": "menu.product",
    "pk": 5,
    "fields": {
      "name": "Cheese Burger",
      "description": "Beef patty, onions, pickles, ketchup and mustard",
      "price": "145.00",
      "is_active": true,
      "is_featured": false,
      "image_url": "ch_jxxe3Oq.png",
      "created_at": "2026-04-07T18:50:26.063Z",
      "category": 2
    }
  },
  {
    "model": "menu.product",
    "pk": 6,
    "fields": {
      "name": "BBQ Burger",
      "description": "Beef patty, pickled onions, tomatoes & sweet barbeque sauce",
      "price": "165.00",
      "is_active": true,
      "is_featured": false,
      "image_url": "bbq_AOcwoqm.png",
      "created_at": "2026-04-07T18:51:06.642Z",
      "category": 2
    }
  },
  {
    "model": "menu.product",
    "pk": 7,
    "fields": {
      "name": "Coke",
      "description": "Cold & refreshing drink",
      "price": "45.00",
      "is_active": true,
      "is_featured": false,
      "image_url": "coke.png",
      "created_at": "2026-04-07T18:55:05.209Z",
      "category": 4
    }
  },
  {
    "model": "menu.product",
    "pk": 8,
    "fields": {
      "name": "Sprite",
      "description": "Cold & refreshing drink",
      "price": "45.00",
      "is_active": true,
      "is_featured": false,
      "image_url": "sbrite.png",
      "created_at": "2026-04-07T18:55:32.855Z",
      "category": 4
    }
  },
  {
    "model": "menu.product",
    "pk": 9,
    "fields": {
      "name": "Fanta Exotic",
      "description": "Cold & refreshing drink",
      "price": "45.00",
      "is_active": true,
      "is_featured": false,
      "image_url": "phanta.png",
      "created_at": "2026-04-07T18:55:51.029Z",
      "category": 4
    }
  },
  {
    "model": "menu.product",
    "pk": 10,
    "fields": {
      "name": "Aioli",
      "description": "Creamy sauce made of garlic and olive oil",
      "price": "25.00",
      "is_active": true,
      "is_featured": false,
      "image_url": "aioli_real.jpg",
      "created_at": "2026-04-07T19:02:24.659Z",
      "category": 5
    }
  },
  {
    "model": "menu.product",
    "pk": 11,
    "fields": {
      "name": "Sriracha Mayo",
      "description": "Spicy, creamy sauce",
      "price": "35.00",
      "is_active": true,
      "is_featured": false,
      "image_url": "sriracha_mayo_real.jpg",
      "created_at": "2026-04-07T19:03:33.953Z",
      "category": 5
    }
  },
  {
    "model": "menu.product",
    "pk": 12,
    "fields": {
      "name": "Mild Ranch",
      "description": "Mild creamy sauce",
      "price": "35.00",
      "is_active": true,
      "is_featured": false,
      "image_url": "herby_real.jpg",
      "created_at": "2026-04-07T19:04:05.699Z",
      "category": 5
    }
  },
  {
    "model": "menu.product",
    "pk": 13,
    "fields": {
      "name": "Crinkle-cut Fries",
      "description": "Crispy, double fried",
      "price": "55.00",
      "is_active": true,
      "is_featured": false,
      "image_url": "wavy_cries.png",
      "created_at": "2026-04-07T19:12:43.922Z",
      "category": 3
    }
  },
  {
    "model": "menu.product",
    "pk": 14,
    "fields": {
      "name": "Loaded Parmesan Fries",
      "description": "Crispy fries topped with aioli, sriracha mayo, parmesan and beef jerky",
      "price": "100.00",
      "is_active": true,
      "is_featured": false,
      "image_url": "parmesan_fries.png",
      "created_at": "2026-04-07T19:19:03.419Z",
      "category": 3
    }
  },
  {
    "model": "menu.product",
    "pk": 15,
    "fields": {
      "name": "Loaded Chicken Fries",
      "description": "Crispy fries topped with sriracha mayo and sliced fried chicken",
      "price": "150.00",
      "is_active": true,
      "is_featured": false,
      "image_url": "loaded_chicken.jfif",
      "created_at": "2026-04-07T19:19:54.662Z",
      "category": 3
    }
  },
  {
    "model": "menu.optiongroup",
    "pk": 1,
    "fields": {
      "name": "Upgrade Your Burger",
      "selection_type": "multiple",
      "min_select": 0,
      "max_select": 3,
      "is_active": true
    }
  },
  {
    "model": "menu.optiongroup",
    "pk": 2,
    "fields": {
      "name": "Upgrade Your Fries",
      "selection_type": "multiple",
      "min_select": 0,
      "max_select": 3,
      "is_active": true
    }
  },
  {
    "model": "menu.optiongroup",
    "pk": 3,
    "fields": {
      "name": "Add Side Snacks",
      "selection_type": "multiple",
      "min_select": 0,
      "max_select": 3,
      "is_active": true
    }
  },
  {
    "model": "menu.optiongroup",
    "pk": 4,
    "fields": {
      "name": "Add Dips",
      "selection_type": "multiple",
      "min_select": 0,
      "max_select": 3,
      "is_active": true
    }
  },
  {
    "model": "menu.option",
    "pk": 1,
    "fields": {
      "name": "Extra Patty",
      "extra_price": "40.00",
      "is_active": true,
      "option_group": 1
    }
  },
  {
    "model": "menu.option",
    "pk": 2,
    "fields": {
      "name": "Extra Cheese",
      "extra_price": "20.00",
      "is_active": true,
      "option_group": 1
    }
  },
  {
    "model": "menu.option",
    "pk": 3,
    "fields": {
      "name": "Add Jalapenos",
      "extra_price": "15.00",
      "is_active": true,
      "option_group": 1
    }
  },
  {
    "model": "menu.option",
    "pk": 5,
    "fields": {
      "name": "Loaded Chicken Fries",
      "extra_price": "95.00",
      "is_active": true,
      "option_group": 2
    }
  },
  {
    "model": "menu.option",
    "pk": 6,
    "fields": {
      "name": "Loaded Parmesan Fries",
      "extra_price": "45.00",
      "is_active": true,
      "option_group": 2
    }
  },
  {
    "model": "menu.option",
    "pk": 7,
    "fields": {
      "name": "Chili Cheese",
      "extra_price": "55.00",
      "is_active": true,
      "option_group": 3
    }
  },
  {
    "model": "menu.option",
    "pk": 8,
    "fields": {
      "name": "Onion Rings",
      "extra_price": "45.00",
      "is_active": true,
      "option_group": 3
    }
  },
  {
    "model": "menu.option",
    "pk": 9,
    "fields": {
      "name": "Chicken Bites",
      "extra_price": "95.00",
      "is_active": true,
      "option_group": 3
    }
  },
  {
    "model": "menu.option",
    "pk": 10,
    "fields": {
      "name": "Aioli",
      "extra_price": "25.00",
      "is_active": true,
      "option_group": 4
    }
  },
  {
    "model": "menu.option",
    "pk": 11,
    "fields": {
      "name": "Sriracha Mayo",
      "extra_price": "35.00",
      "is_active": true,
      "option_group": 4
    }
  },
  {
    "model": "menu.option",
    "pk": 12,
    "fields": {
      "name": "Mild Ranch",
      "extra_price": "35.00",
      "is_active": true,
      "option_group": 4
    }
  },
  {
    "model": "menu.productoption",
    "pk": 1,
    "fields": {
      "product": 1,
      "option": 1,
      "price_override": null
    }
  },
  {
    "model": "menu.productoption",
    "pk": 2,
    "fields": {
      "product": 1,
      "option": 2,
      "price_override": null
    }
  },
  {
    "model": "menu.productoption",
    "pk": 3,
    "fields": {
      "product": 1,
      "option": 3,
      "price_override": null
    }
  },
  {
    "model": "menu.productoption",
    "pk": 4,
    "fields": {
      "product": 1,
      "option": 4,
      "price_override": null
    }
  },
  {
    "model": "menu.productoption",
    "pk": 5,
    "fields": {
      "product": 2,
      "option": 1,
      "price_override": null
    }
  },
  {
    "model": "menu.productoption",
    "pk": 6,
    "fields": {
      "product": 2,
      "option": 2,
      "price_override": null
    }
  },
  {
    "model": "menu.productoption",
    "pk": 7,
    "fields": {
      "product": 2,
      "option": 3,
      "price_override": null
    }
  },
  {
    "model": "menu.productoption",
    "pk": 8,
    "fields": {
      "product": 2,
      "option": 4,
      "price_override": null
    }
  },
  {
    "model": "menu.productoption",
    "pk": 9,
    "fields": {
      "product": 3,
      "option": 1,
      "price_override": null
    }
  },
  {
    "model": "menu.productoption",
    "pk": 10,
    "fields": {
      "product": 3,
      "option": 2,
      "price_override": null
    }
  },
  {
    "model": "menu.productoption",
    "pk": 11,
    "fields": {
      "product": 3,
      "option": 3,
      "price_override": null
    }
  },
  {
    "model": "menu.productoption",
    "pk": 12,
    "fields": {
      "product": 3,
      "option": 4,
      "price_override": null
    }
  },
  {
    "model": "menu.productoption",
    "pk": 13,
    "fields": {
      "product": 4,
      "option": 1,
      "price_override": null
    }
  },
  {
    "model": "menu.productoption",
    "pk": 14,
    "fields": {
      "product": 4,
      "option": 3,
      "price_override": null
    }
  },
  {
    "model": "menu.productoption",
    "pk": 15,
    "fields": {
      "product": 4,
      "option": 4,
      "price_override": null
    }
  },
  {
    "model": "menu.productoption",
    "pk": 16,
    "fields": {
      "product": 5,
      "option": 1,
      "price_override": null
    }
  },
  {
    "model": "menu.productoption",
    "pk": 17,
    "fields": {
      "product": 5,
      "option": 3,
      "price_override": null
    }
  },
  {
    "model": "menu.productoption",
    "pk": 18,
    "fields": {
      "product": 5,
      "option": 4,
      "price_override": null
    }
  },
  {
    "model": "menu.productoption",
    "pk": 19,
    "fields": {
      "product": 6,
      "option": 1,
      "price_override": null
    }
  },
  {
    "model": "menu.productoption",
    "pk": 20,
    "fields": {
      "product": 6,
      "option": 3,
      "price_override": null
    }
  },
  {
    "model": "menu.productoption",
    "pk": 21,
    "fields": {
      "product": 6,
      "option": 4,
      "price_override": null
    }
  },
  {
    "model": "menu.productoption",
    "pk": 22,
    "fields": {
      "product": 13,
      "option": 2,
      "price_override": null
    }
  },
  {
    "model": "menu.productoption",
    "pk": 23,
    "fields": {
      "product": 15,
      "option": 3,
      "price_override": null
    }
  },
  {
    "model": "menu.productoption",
    "pk": 24,
    "fields": {
      "product": 15,
      "option": 4,
      "price_override": null
    }
  },
  {
    "model": "menu.productoption",
    "pk": 25,
    "fields": {
      "product": 14,
      "option": 3,
      "price_override": null
    }
  },
  {
    "model": "menu.productoption",
    "pk": 26,
    "fields": {
      "product": 14,
      "option": 4,
      "price_override": null
    }
  },
  {
    "model": "menu.productoption",
    "pk": 27,
    "fields": {
      "product": 13,
      "option": 3,
      "price_override": null
    }
  },
  {
    "model": "menu.productoption",
    "pk": 28,
    "fields": {
      "product": 13,
      "option": 4,
      "price_override": null
    }
  },
  {
    "model": "admin.logentry",
    "pk": 1,
    "fields": {
      "action_time": "2026-04-07T18:20:10.744Z",
      "user": 1,
      "content_type": 18,
      "object_id": "1",
      "object_repr": "Upgrade your burger",
      "action_flag": 1,
      "change_message": "[{\"added\": {}}]"
    }
  },
  {
    "model": "admin.logentry",
    "pk": 2,
    "fields": {
      "action_time": "2026-04-07T18:24:12.166Z",
      "user": 1,
      "content_type": 18,
      "object_id": "2",
      "object_repr": "Upgrade your fries",
      "action_flag": 1,
      "change_message": "[{\"added\": {}}]"
    }
  },
  {
    "model": "admin.logentry",
    "pk": 3,
    "fields": {
      "action_time": "2026-04-07T18:24:27.104Z",
      "user": 1,
      "content_type": 18,
      "object_id": "3",
      "object_repr": "Add Side Snacks",
      "action_flag": 1,
      "change_message": "[{\"added\": {}}]"
    }
  },
  {
    "model": "admin.logentry",
    "pk": 4,
    "fields": {
      "action_time": "2026-04-07T18:24:45.674Z",
      "user": 1,
      "content_type": 18,
      "object_id": "3",
      "object_repr": "Add Side Snacks",
      "action_flag": 2,
      "change_message": "[{\"changed\": {\"fields\": [\"Is active\"]}}]"
    }
  },
  {
    "model": "admin.logentry",
    "pk": 5,
    "fields": {
      "action_time": "2026-04-07T18:24:59.492Z",
      "user": 1,
      "content_type": 18,
      "object_id": "4",
      "object_repr": "Add Dips",
      "action_flag": 1,
      "change_message": "[{\"added\": {}}]"
    }
  },
  {
    "model": "admin.logentry",
    "pk": 6,
    "fields": {
      "action_time": "2026-04-07T18:25:11.768Z",
      "user": 1,
      "content_type": 18,
      "object_id": "1",
      "object_repr": "Upgrade Your Burger",
      "action_flag": 2,
      "change_message": "[{\"changed\": {\"fields\": [\"Name\"]}}]"
    }
  },
  {
    "model": "admin.logentry",
    "pk": 7,
    "fields": {
      "action_time": "2026-04-07T18:25:17.464Z",
      "user": 1,
      "content_type": 18,
      "object_id": "2",
      "object_repr": "Upgrade Your Fries",
      "action_flag": 2,
      "change_message": "[{\"changed\": {\"fields\": [\"Name\"]}}]"
    }
  },
  {
    "model": "admin.logentry",
    "pk": 8,
    "fields": {
      "action_time": "2026-04-07T18:26:43.505Z",
      "user": 1,
      "content_type": 19,
      "object_id": "1",
      "object_repr": "Extra Patty",
      "action_flag": 1,
      "change_message": "[{\"added\": {}}]"
    }
  },
  {
    "model": "admin.logentry",
    "pk": 9,
    "fields": {
      "action_time": "2026-04-07T18:27:04.025Z",
      "user": 1,
      "content_type": 19,
      "object_id": "2",
      "object_repr": "Extra Cheese",
      "action_flag": 1,
      "change_message": "[{\"added\": {}}]"
    }
  },
  {
    "model": "admin.logentry",
    "pk": 10,
    "fields": {
      "action_time": "2026-04-07T18:28:42.424Z",
      "user": 1,
      "content_type": 19,
      "object_id": "3",
      "object_repr": "Add Jalapenos",
      "action_flag": 1,
      "change_message": "[{\"added\": {}}]"
    }
  },
  {
    "model": "admin.logentry",
    "pk": 11,
    "fields": {
      "action_time": "2026-04-07T18:29:05.494Z",
      "user": 1,
      "content_type": 19,
      "object_id": "4",
      "object_repr": "Sweet Potato Fries",
      "action_flag": 1,
      "change_message": "[{\"added\": {}}]"
    }
  },
  {
    "model": "admin.logentry",
    "pk": 12,
    "fields": {
      "action_time": "2026-04-07T18:29:24.729Z",
      "user": 1,
      "content_type": 19,
      "object_id": "5",
      "object_repr": "Loaded Chicken Fries",
      "action_flag": 1,
      "change_message": "[{\"added\": {}}]"
    }
  },
  {
    "model": "admin.logentry",
    "pk": 13,
    "fields": {
      "action_time": "2026-04-07T18:29:41.367Z",
      "user": 1,
      "content_type": 19,
      "object_id": "6",
      "object_repr": "Loaded Parmesan Fries",
      "action_flag": 1,
      "change_message": "[{\"added\": {}}]"
    }
  },
  {
    "model": "admin.logentry",
    "pk": 14,
    "fields": {
      "action_time": "2026-04-07T18:30:03.866Z",
      "user": 1,
      "content_type": 19,
      "object_id": "7",
      "object_repr": "Chili Cheese",
      "action_flag": 1,
      "change_message": "[{\"added\": {}}]"
    }
  },
  {
    "model": "admin.logentry",
    "pk": 15,
    "fields": {
      "action_time": "2026-04-07T18:30:13.945Z",
      "user": 1,
      "content_type": 19,
      "object_id": "8",
      "object_repr": "Onion Rings",
      "action_flag": 1,
      "change_message": "[{\"added\": {}}]"
    }
  },
  {
    "model": "admin.logentry",
    "pk": 16,
    "fields": {
      "action_time": "2026-04-07T18:30:26.104Z",
      "user": 1,
      "content_type": 19,
      "object_id": "9",
      "object_repr": "Chicken Bites",
      "action_flag": 1,
      "change_message": "[{\"added\": {}}]"
    }
  },
  {
    "model": "admin.logentry",
    "pk": 17,
    "fields": {
      "action_time": "2026-04-07T18:30:49.371Z",
      "user": 1,
      "content_type": 19,
      "object_id": "10",
      "object_repr": "Aioli",
      "action_flag": 1,
      "change_message": "[{\"added\": {}}]"
    }
  },
  {
    "model": "admin.logentry",
    "pk": 18,
    "fields": {
      "action_time": "2026-04-07T18:31:12.591Z",
      "user": 1,
      "content_type": 19,
      "object_id": "11",
      "object_repr": "Sriracha Mayo",
      "action_flag": 1,
      "change_message": "[{\"added\": {}}]"
    }
  },
  {
    "model": "admin.logentry",
    "pk": 19,
    "fields": {
      "action_time": "2026-04-07T18:31:37.903Z",
      "user": 1,
      "content_type": 19,
      "object_id": "12",
      "object_repr": "Mild Ranch",
      "action_flag": 1,
      "change_message": "[{\"added\": {}}]"
    }
  },
  {
    "model": "admin.logentry",
    "pk": 20,
    "fields": {
      "action_time": "2026-04-07T18:34:36.111Z",
      "user": 1,
      "content_type": 17,
      "object_id": "1",
      "object_repr": "Meal Deals",
      "action_flag": 1,
      "change_message": "[{\"added\": {}}]"
    }
  },
  {
    "model": "admin.logentry",
    "pk": 21,
    "fields": {
      "action_time": "2026-04-07T18:34:45.861Z",
      "user": 1,
      "content_type": 17,
      "object_id": "2",
      "object_repr": "Burgers",
      "action_flag": 1,
      "change_message": "[{\"added\": {}}]"
    }
  },
  {
    "model": "admin.logentry",
    "pk": 22,
    "fields": {
      "action_time": "2026-04-07T18:34:55.315Z",
      "user": 1,
      "content_type": 17,
      "object_id": "3",
      "object_repr": "Fries & Loaded Fries",
      "action_flag": 1,
      "change_message": "[{\"added\": {}}]"
    }
  },
  {
    "model": "admin.logentry",
    "pk": 23,
    "fields": {
      "action_time": "2026-04-07T18:35:03.336Z",
      "user": 1,
      "content_type": 17,
      "object_id": "4",
      "object_repr": "Drinks",
      "action_flag": 1,
      "change_message": "[{\"added\": {}}]"
    }
  },
  {
    "model": "admin.logentry",
    "pk": 24,
    "fields": {
      "action_time": "2026-04-07T18:35:10.767Z",
      "user": 1,
      "content_type": 17,
      "object_id": "5",
      "object_repr": "Dips",
      "action_flag": 1,
      "change_message": "[{\"added\": {}}]"
    }
  },
  {
    "model": "admin.logentry",
    "pk": 25,
    "fields": {
      "action_time": "2026-04-07T18:35:41.877Z",
      "user": 1,
      "content_type": 17,
      "object_id": "3",
      "object_repr": "Fries & Loaded Fries",
      "action_flag": 2,
      "change_message": "[]"
    }
  },
  {
    "model": "admin.logentry",
    "pk": 26,
    "fields": {
      "action_time": "2026-04-07T18:36:39.396Z",
      "user": 1,
      "content_type": 17,
      "object_id": "3",
      "object_repr": "Fries & Loaded Fries",
      "action_flag": 2,
      "change_message": "[{\"changed\": {\"fields\": [\"Sort order\"]}}]"
    }
  },
  {
    "model": "admin.logentry",
    "pk": 27,
    "fields": {
      "action_time": "2026-04-07T18:36:42.459Z",
      "user": 1,
      "content_type": 17,
      "object_id": "3",
      "object_repr": "Fries & Loaded Fries",
      "action_flag": 2,
      "change_message": "[{\"changed\": {\"fields\": [\"Sort order\"]}}]"
    }
  },
  {
    "model": "admin.logentry",
    "pk": 28,
    "fields": {
      "action_time": "2026-04-07T18:43:28.420Z",
      "user": 1,
      "content_type": 20,
      "object_id": "1",
      "object_repr": "Classic Burger Meal",
      "action_flag": 1,
      "change_message": "[{\"added\": {}}]"
    }
  },
  {
    "model": "admin.logentry",
    "pk": 29,
    "fields": {
      "action_time": "2026-04-07T18:44:25.564Z",
      "user": 1,
      "content_type": 20,
      "object_id": "2",
      "object_repr": "Cheese Burger Meal",
      "action_flag": 1,
      "change_message": "[{\"added\": {}}]"
    }
  },
  {
    "model": "admin.logentry",
    "pk": 30,
    "fields": {
      "action_time": "2026-04-07T18:45:43.396Z",
      "user": 1,
      "content_type": 20,
      "object_id": "3",
      "object_repr": "BBQ Burger Meal",
      "action_flag": 1,
      "change_message": "[{\"added\": {}}]"
    }
  },
  {
    "model": "admin.logentry",
    "pk": 31,
    "fields": {
      "action_time": "2026-04-07T18:46:58.913Z",
      "user": 1,
      "content_type": 20,
      "object_id": "1",
      "object_repr": "Classic Burger Meal",
      "action_flag": 2,
      "change_message": "[{\"added\": {\"name\": \"product option\", \"object\": \"ProductOption object (1)\"}}, {\"added\": {\"name\": \"product option\", \"object\": \"ProductOption object (2)\"}}, {\"added\": {\"name\": \"product option\", \"object\": \"ProductOption object (3)\"}}, {\"added\": {\"name\": \"product option\", \"object\": \"ProductOption object (4)\"}}]"
    }
  },
  {
    "model": "admin.logentry",
    "pk": 32,
    "fields": {
      "action_time": "2026-04-07T18:47:22.747Z",
      "user": 1,
      "content_type": 20,
      "object_id": "2",
      "object_repr": "Cheese Burger Meal",
      "action_flag": 2,
      "change_message": "[{\"added\": {\"name\": \"product option\", \"object\": \"ProductOption object (5)\"}}, {\"added\": {\"name\": \"product option\", \"object\": \"ProductOption object (6)\"}}, {\"added\": {\"name\": \"product option\", \"object\": \"ProductOption object (7)\"}}, {\"added\": {\"name\": \"product option\", \"object\": \"ProductOption object (8)\"}}]"
    }
  },
  {
    "model": "admin.logentry",
    "pk": 33,
    "fields": {
      "action_time": "2026-04-07T18:47:37.638Z",
      "user": 1,
      "content_type": 20,
      "object_id": "1",
      "object_repr": "Classic Burger Meal",
      "action_flag": 2,
      "change_message": "[]"
    }
  },
  {
    "model": "admin.logentry",
    "pk": 34,
    "fields": {
      "action_time": "2026-04-07T18:48:11.243Z",
      "user": 1,
      "content_type": 20,
      "object_id": "3",
      "object_repr": "BBQ Burger Meal",
      "action_flag": 2,
      "change_message": "[{\"added\": {\"name\": \"product option\", \"object\": \"ProductOption object (9)\"}}, {\"added\": {\"name\": \"product option\", \"object\": \"ProductOption object (10)\"}}, {\"added\": {\"name\": \"product option\", \"object\": \"ProductOption object (11)\"}}, {\"added\": {\"name\": \"product option\", \"object\": \"ProductOption object (12)\"}}]"
    }
  },
  {
    "model": "admin.logentry",
    "pk": 35,
    "fields": {
      "action_time": "2026-04-07T18:48:29.846Z",
      "user": 1,
      "content_type": 20,
      "object_id": "3",
      "object_repr": "BBQ Burger Meal",
      "action_flag": 2,
      "change_message": "[]"
    }
  },
  {
    "model": "admin.logentry",
    "pk": 36,
    "fields": {
      "action_time": "2026-04-07T18:49:36.098Z",
      "user": 1,
      "content_type": 20,
      "object_id": "4",
      "object_repr": "Classic Burger",
      "action_flag": 1,
      "change_message": "[{\"added\": {}}, {\"added\": {\"name\": \"product option\", \"object\": \"ProductOption object (13)\"}}, {\"added\": {\"name\": \"product option\", \"object\": \"ProductOption object (14)\"}}, {\"added\": {\"name\": \"product option\", \"object\": \"ProductOption object (15)\"}}]"
    }
  },
  {
    "model": "admin.logentry",
    "pk": 37,
    "fields": {
      "action_time": "2026-04-07T18:49:54.751Z",
      "user": 1,
      "content_type": 20,
      "object_id": "1",
      "object_repr": "Classic Burger Meal",
      "action_flag": 2,
      "change_message": "[{\"changed\": {\"fields\": [\"Price\"]}}]"
    }
  },
  {
    "model": "admin.logentry",
    "pk": 38,
    "fields": {
      "action_time": "2026-04-07T18:50:26.065Z",
      "user": 1,
      "content_type": 20,
      "object_id": "5",
      "object_repr": "Cheese Burger",
      "action_flag": 1,
      "change_message": "[{\"added\": {}}, {\"added\": {\"name\": \"product option\", \"object\": \"ProductOption object (16)\"}}, {\"added\": {\"name\": \"product option\", \"object\": \"ProductOption object (17)\"}}, {\"added\": {\"name\": \"product option\", \"object\": \"ProductOption object (18)\"}}]"
    }
  },
  {
    "model": "admin.logentry",
    "pk": 39,
    "fields": {
      "action_time": "2026-04-07T18:50:42.296Z",
      "user": 1,
      "content_type": 20,
      "object_id": "2",
      "object_repr": "Cheese Burger Meal",
      "action_flag": 2,
      "change_message": "[{\"changed\": {\"fields\": [\"Price\"]}}]"
    }
  },
  {
    "model": "admin.logentry",
    "pk": 40,
    "fields": {
      "action_time": "2026-04-07T18:50:56.555Z",
      "user": 1,
      "content_type": 20,
      "object_id": "3",
      "object_repr": "BBQ Burger Meal",
      "action_flag": 2,
      "change_message": "[{\"changed\": {\"fields\": [\"Price\"]}}]"
    }
  },
  {
    "model": "admin.logentry",
    "pk": 41,
    "fields": {
      "action_time": "2026-04-07T18:51:06.648Z",
      "user": 1,
      "content_type": 20,
      "object_id": "6",
      "object_repr": "BBQ Burger",
      "action_flag": 1,
      "change_message": "[{\"added\": {}}, {\"added\": {\"name\": \"product option\", \"object\": \"ProductOption object (19)\"}}, {\"added\": {\"name\": \"product option\", \"object\": \"ProductOption object (20)\"}}, {\"added\": {\"name\": \"product option\", \"object\": \"ProductOption object (21)\"}}]"
    }
  },
  {
    "model": "admin.logentry",
    "pk": 42,
    "fields": {
      "action_time": "2026-04-07T18:55:05.216Z",
      "user": 1,
      "content_type": 20,
      "object_id": "7",
      "object_repr": "Coke",
      "action_flag": 1,
      "change_message": "[{\"added\": {}}]"
    }
  },
  {
    "model": "admin.logentry",
    "pk": 43,
    "fields": {
      "action_time": "2026-04-07T18:55:32.855Z",
      "user": 1,
      "content_type": 20,
      "object_id": "8",
      "object_repr": "Sprite",
      "action_flag": 1,
      "change_message": "[{\"added\": {}}]"
    }
  },
  {
    "model": "admin.logentry",
    "pk": 44,
    "fields": {
      "action_time": "2026-04-07T18:55:51.030Z",
      "user": 1,
      "content_type": 20,
      "object_id": "9",
      "object_repr": "Fanta Exotic",
      "action_flag": 1,
      "change_message": "[{\"added\": {}}]"
    }
  },
  {
    "model": "admin.logentry",
    "pk": 45,
    "fields": {
      "action_time": "2026-04-07T19:02:24.661Z",
      "user": 1,
      "content_type": 20,
      "object_id": "10",
      "object_repr": "Aioli",
      "action_flag": 1,
      "change_message": "[{\"added\": {}}]"
    }
  },
  {
    "model": "admin.logentry",
    "pk": 46,
    "fields": {
      "action_time": "2026-04-07T19:03:33.959Z",
      "user": 1,
      "content_type": 20,
      "object_id": "11",
      "object_repr": "Sriracha Mayo",
      "action_flag": 1,
      "change_message": "[{\"added\": {}}]"
    }
  },
  {
    "model": "admin.logentry",
    "pk": 47,
    "fields": {
      "action_time": "2026-04-07T19:04:05.700Z",
      "user": 1,
      "content_type": 20,
      "object_id": "12",
      "object_repr": "Mild Ranch",
      "action_flag": 1,
      "change_message": "[{\"added\": {}}]"
    }
  },
  {
    "model": "admin.logentry",
    "pk": 48,
    "fields": {
      "action_time": "2026-04-07T19:04:51.452Z",
      "user": 1,
      "content_type": 19,
      "object_id": "4",
      "object_repr": "Sweet Potato Fries",
      "action_flag": 3,
      "change_message": ""
    }
  },
  {
    "model": "admin.logentry",
    "pk": 49,
    "fields": {
      "action_time": "2026-04-07T19:12:43.922Z",
      "user": 1,
      "content_type": 20,
      "object_id": "13",
      "object_repr": "Crinkle-cut Fries",
      "action_flag": 1,
      "change_message": "[{\"added\": {}}, {\"added\": {\"name\": \"product option\", \"object\": \"ProductOption object (22)\"}}]"
    }
  },
  {
    "model": "admin.logentry",
    "pk": 50,
    "fields": {
      "action_time": "2026-04-07T19:19:03.426Z",
      "user": 1,
      "content_type": 20,
      "object_id": "14",
      "object_repr": "Loaded Parmesan Fries",
      "action_flag": 1,
      "change_message": "[{\"added\": {}}]"
    }
  },
  {
    "model": "admin.logentry",
    "pk": 51,
    "fields": {
      "action_time": "2026-04-07T19:19:54.670Z",
      "user": 1,
      "content_type": 20,
      "object_id": "15",
      "object_repr": "Loaded Chicken Fries",
      "action_flag": 1,
      "change_message": "[{\"added\": {}}, {\"added\": {\"name\": \"product option\", \"object\": \"ProductOption object (23)\"}}, {\"added\": {\"name\": \"product option\", \"object\": \"ProductOption object (24)\"}}]"
    }
  },
  {
    "model": "admin.logentry",
    "pk": 52,
    "fields": {
      "action_time": "2026-04-07T19:20:05.920Z",
      "user": 1,
      "content_type": 20,
      "object_id": "14",
      "object_repr": "Loaded Parmesan Fries",
      "action_flag": 2,
      "change_message": "[{\"added\": {\"name\": \"product option\", \"object\": \"ProductOption object (25)\"}}, {\"added\": {\"name\": \"product option\", \"object\": \"ProductOption object (26)\"}}]"
    }
  },
  {
    "model": "admin.logentry",
    "pk": 53,
    "fields": {
      "action_time": "2026-04-07T19:20:14.353Z",
      "user": 1,
      "content_type": 20,
      "object_id": "13",
      "object_repr": "Crinkle-cut Fries",
      "action_flag": 2,
      "change_message": "[{\"added\": {\"name\": \"product option\", \"object\": \"ProductOption object (27)\"}}, {\"added\": {\"name\": \"product option\", \"object\": \"ProductOption object (28)\"}}]"
    }
  },
  {
    "model": "admin.logentry",
    "pk": 54,
    "fields": {
      "action_time": "2026-04-07T19:24:22.168Z",
      "user": 1,
      "content_type": 20,
      "object_id": "3",
      "object_repr": "BBQ Burger Meal",
      "action_flag": 2,
      "change_message": "[{\"changed\": {\"fields\": [\"Price\"]}}]"
    }
  },
  {
    "model": "admin.logentry",
    "pk": 55,
    "fields": {
      "action_time": "2026-04-07T19:24:28.523Z",
      "user": 1,
      "content_type": 20,
      "object_id": "2",
      "object_repr": "Cheese Burger Meal",
      "action_flag": 2,
      "change_message": "[{\"changed\": {\"fields\": [\"Price\"]}}]"
    }
  },
  {
    "model": "admin.logentry",
    "pk": 56,
    "fields": {
      "action_time": "2026-04-07T19:24:33.510Z",
      "user": 1,
      "content_type": 20,
      "object_id": "1",
      "object_repr": "Classic Burger Meal",
      "action_flag": 2,
      "change_message": "[{\"changed\": {\"fields\": [\"Price\"]}}]"
    }
  },
  {
    "model": "auth.permission",
    "pk": 1,
    "fields": {
      "name": "Can add category",
      "content_type": 1,
      "codename": "add_category"
    }
  },
  {
    "model": "auth.permission",
    "pk": 2,
    "fields": {
      "name": "Can change category",
      "content_type": 1,
      "codename": "change_category"
    }
  },
  {
    "model": "auth.permission",
    "pk": 3,
    "fields": {
      "name": "Can delete category",
      "content_type": 1,
      "codename": "delete_category"
    }
  },
  {
    "model": "auth.permission",
    "pk": 4,
    "fields": {
      "name": "Can view category",
      "content_type": 1,
      "codename": "view_category"
    }
  },
  {
    "model": "auth.permission",
    "pk": 5,
    "fields": {
      "name": "Can add option group",
      "content_type": 3,
      "codename": "add_optiongroup"
    }
  },
  {
    "model": "auth.permission",
    "pk": 6,
    "fields": {
      "name": "Can change option group",
      "content_type": 3,
      "codename": "change_optiongroup"
    }
  },
  {
    "model": "auth.permission",
    "pk": 7,
    "fields": {
      "name": "Can delete option group",
      "content_type": 3,
      "codename": "delete_optiongroup"
    }
  },
  {
    "model": "auth.permission",
    "pk": 8,
    "fields": {
      "name": "Can view option group",
      "content_type": 3,
      "codename": "view_optiongroup"
    }
  },
  {
    "model": "auth.permission",
    "pk": 9,
    "fields": {
      "name": "Can add order status",
      "content_type": 7,
      "codename": "add_orderstatus"
    }
  },
  {
    "model": "auth.permission",
    "pk": 10,
    "fields": {
      "name": "Can change order status",
      "content_type": 7,
      "codename": "change_orderstatus"
    }
  },
  {
    "model": "auth.permission",
    "pk": 11,
    "fields": {
      "name": "Can delete order status",
      "content_type": 7,
      "codename": "delete_orderstatus"
    }
  },
  {
    "model": "auth.permission",
    "pk": 12,
    "fields": {
      "name": "Can view order status",
      "content_type": 7,
      "codename": "view_orderstatus"
    }
  },
  {
    "model": "auth.permission",
    "pk": 13,
    "fields": {
      "name": "Can add restaurant table",
      "content_type": 10,
      "codename": "add_restauranttable"
    }
  },
  {
    "model": "auth.permission",
    "pk": 14,
    "fields": {
      "name": "Can change restaurant table",
      "content_type": 10,
      "codename": "change_restauranttable"
    }
  },
  {
    "model": "auth.permission",
    "pk": 15,
    "fields": {
      "name": "Can delete restaurant table",
      "content_type": 10,
      "codename": "delete_restauranttable"
    }
  },
  {
    "model": "auth.permission",
    "pk": 16,
    "fields": {
      "name": "Can view restaurant table",
      "content_type": 10,
      "codename": "view_restauranttable"
    }
  },
  {
    "model": "auth.permission",
    "pk": 17,
    "fields": {
      "name": "Can add option",
      "content_type": 2,
      "codename": "add_option"
    }
  },
  {
    "model": "auth.permission",
    "pk": 18,
    "fields": {
      "name": "Can change option",
      "content_type": 2,
      "codename": "change_option"
    }
  },
  {
    "model": "auth.permission",
    "pk": 19,
    "fields": {
      "name": "Can delete option",
      "content_type": 2,
      "codename": "delete_option"
    }
  },
  {
    "model": "auth.permission",
    "pk": 20,
    "fields": {
      "name": "Can view option",
      "content_type": 2,
      "codename": "view_option"
    }
  },
  {
    "model": "auth.permission",
    "pk": 21,
    "fields": {
      "name": "Can add order",
      "content_type": 4,
      "codename": "add_order"
    }
  },
  {
    "model": "auth.permission",
    "pk": 22,
    "fields": {
      "name": "Can change order",
      "content_type": 4,
      "codename": "change_order"
    }
  },
  {
    "model": "auth.permission",
    "pk": 23,
    "fields": {
      "name": "Can delete order",
      "content_type": 4,
      "codename": "delete_order"
    }
  },
  {
    "model": "auth.permission",
    "pk": 24,
    "fields": {
      "name": "Can view order",
      "content_type": 4,
      "codename": "view_order"
    }
  },
  {
    "model": "auth.permission",
    "pk": 25,
    "fields": {
      "name": "Can add order item",
      "content_type": 5,
      "codename": "add_orderitem"
    }
  },
  {
    "model": "auth.permission",
    "pk": 26,
    "fields": {
      "name": "Can change order item",
      "content_type": 5,
      "codename": "change_orderitem"
    }
  },
  {
    "model": "auth.permission",
    "pk": 27,
    "fields": {
      "name": "Can delete order item",
      "content_type": 5,
      "codename": "delete_orderitem"
    }
  },
  {
    "model": "auth.permission",
    "pk": 28,
    "fields": {
      "name": "Can view order item",
      "content_type": 5,
      "codename": "view_orderitem"
    }
  },
  {
    "model": "auth.permission",
    "pk": 29,
    "fields": {
      "name": "Can add order item option",
      "content_type": 6,
      "codename": "add_orderitemoption"
    }
  },
  {
    "model": "auth.permission",
    "pk": 30,
    "fields": {
      "name": "Can change order item option",
      "content_type": 6,
      "codename": "change_orderitemoption"
    }
  },
  {
    "model": "auth.permission",
    "pk": 31,
    "fields": {
      "name": "Can delete order item option",
      "content_type": 6,
      "codename": "delete_orderitemoption"
    }
  },
  {
    "model": "auth.permission",
    "pk": 32,
    "fields": {
      "name": "Can view order item option",
      "content_type": 6,
      "codename": "view_orderitemoption"
    }
  },
  {
    "model": "auth.permission",
    "pk": 33,
    "fields": {
      "name": "Can add product",
      "content_type": 8,
      "codename": "add_product"
    }
  },
  {
    "model": "auth.permission",
    "pk": 34,
    "fields": {
      "name": "Can change product",
      "content_type": 8,
      "codename": "change_product"
    }
  },
  {
    "model": "auth.permission",
    "pk": 35,
    "fields": {
      "name": "Can delete product",
      "content_type": 8,
      "codename": "delete_product"
    }
  },
  {
    "model": "auth.permission",
    "pk": 36,
    "fields": {
      "name": "Can view product",
      "content_type": 8,
      "codename": "view_product"
    }
  },
  {
    "model": "auth.permission",
    "pk": 37,
    "fields": {
      "name": "Can add product option",
      "content_type": 9,
      "codename": "add_productoption"
    }
  },
  {
    "model": "auth.permission",
    "pk": 38,
    "fields": {
      "name": "Can change product option",
      "content_type": 9,
      "codename": "change_productoption"
    }
  },
  {
    "model": "auth.permission",
    "pk": 39,
    "fields": {
      "name": "Can delete product option",
      "content_type": 9,
      "codename": "delete_productoption"
    }
  },
  {
    "model": "auth.permission",
    "pk": 40,
    "fields": {
      "name": "Can view product option",
      "content_type": 9,
      "codename": "view_productoption"
    }
  },
  {
    "model": "auth.permission",
    "pk": 41,
    "fields": {
      "name": "Can add log entry",
      "content_type": 11,
      "codename": "add_logentry"
    }
  },
  {
    "model": "auth.permission",
    "pk": 42,
    "fields": {
      "name": "Can change log entry",
      "content_type": 11,
      "codename": "change_logentry"
    }
  },
  {
    "model": "auth.permission",
    "pk": 43,
    "fields": {
      "name": "Can delete log entry",
      "content_type": 11,
      "codename": "delete_logentry"
    }
  },
  {
    "model": "auth.permission",
    "pk": 44,
    "fields": {
      "name": "Can view log entry",
      "content_type": 11,
      "codename": "view_logentry"
    }
  },
  {
    "model": "auth.permission",
    "pk": 45,
    "fields": {
      "name": "Can add permission",
      "content_type": 13,
      "codename": "add_permission"
    }
  },
  {
    "model": "auth.permission",
    "pk": 46,
    "fields": {
      "name": "Can change permission",
      "content_type": 13,
      "codename": "change_permission"
    }
  },
  {
    "model": "auth.permission",
    "pk": 47,
    "fields": {
      "name": "Can delete permission",
      "content_type": 13,
      "codename": "delete_permission"
    }
  },
  {
    "model": "auth.permission",
    "pk": 48,
    "fields": {
      "name": "Can view permission",
      "content_type": 13,
      "codename": "view_permission"
    }
  },
  {
    "model": "auth.permission",
    "pk": 49,
    "fields": {
      "name": "Can add group",
      "content_type": 12,
      "codename": "add_group"
    }
  },
  {
    "model": "auth.permission",
    "pk": 50,
    "fields": {
      "name": "Can change group",
      "content_type": 12,
      "codename": "change_group"
    }
  },
  {
    "model": "auth.permission",
    "pk": 51,
    "fields": {
      "name": "Can delete group",
      "content_type": 12,
      "codename": "delete_group"
    }
  },
  {
    "model": "auth.permission",
    "pk": 52,
    "fields": {
      "name": "Can view group",
      "content_type": 12,
      "codename": "view_group"
    }
  },
  {
    "model": "auth.permission",
    "pk": 53,
    "fields": {
      "name": "Can add user",
      "content_type": 14,
      "codename": "add_user"
    }
  },
  {
    "model": "auth.permission",
    "pk": 54,
    "fields": {
      "name": "Can change user",
      "content_type": 14,
      "codename": "change_user"
    }
  },
  {
    "model": "auth.permission",
    "pk": 55,
    "fields": {
      "name": "Can delete user",
      "content_type": 14,
      "codename": "delete_user"
    }
  },
  {
    "model": "auth.permission",
    "pk": 56,
    "fields": {
      "name": "Can view user",
      "content_type": 14,
      "codename": "view_user"
    }
  },
  {
    "model": "auth.permission",
    "pk": 57,
    "fields": {
      "name": "Can add content type",
      "content_type": 15,
      "codename": "add_contenttype"
    }
  },
  {
    "model": "auth.permission",
    "pk": 58,
    "fields": {
      "name": "Can change content type",
      "content_type": 15,
      "codename": "change_contenttype"
    }
  },
  {
    "model": "auth.permission",
    "pk": 59,
    "fields": {
      "name": "Can delete content type",
      "content_type": 15,
      "codename": "delete_contenttype"
    }
  },
  {
    "model": "auth.permission",
    "pk": 60,
    "fields": {
      "name": "Can view content type",
      "content_type": 15,
      "codename": "view_contenttype"
    }
  },
  {
    "model": "auth.permission",
    "pk": 61,
    "fields": {
      "name": "Can add session",
      "content_type": 16,
      "codename": "add_session"
    }
  },
  {
    "model": "auth.permission",
    "pk": 62,
    "fields": {
      "name": "Can change session",
      "content_type": 16,
      "codename": "change_session"
    }
  },
  {
    "model": "auth.permission",
    "pk": 63,
    "fields": {
      "name": "Can delete session",
      "content_type": 16,
      "codename": "delete_session"
    }
  },
  {
    "model": "auth.permission",
    "pk": 64,
    "fields": {
      "name": "Can view session",
      "content_type": 16,
      "codename": "view_session"
    }
  },
  {
    "model": "auth.permission",
    "pk": 65,
    "fields": {
      "name": "Can add product option",
      "content_type": 21,
      "codename": "add_productoption"
    }
  },
  {
    "model": "auth.permission",
    "pk": 66,
    "fields": {
      "name": "Can change product option",
      "content_type": 21,
      "codename": "change_productoption"
    }
  },
  {
    "model": "auth.permission",
    "pk": 67,
    "fields": {
      "name": "Can delete product option",
      "content_type": 21,
      "codename": "delete_productoption"
    }
  },
  {
    "model": "auth.permission",
    "pk": 68,
    "fields": {
      "name": "Can view product option",
      "content_type": 21,
      "codename": "view_productoption"
    }
  },
  {
    "model": "auth.permission",
    "pk": 69,
    "fields": {
      "name": "Can add option",
      "content_type": 19,
      "codename": "add_option"
    }
  },
  {
    "model": "auth.permission",
    "pk": 70,
    "fields": {
      "name": "Can change option",
      "content_type": 19,
      "codename": "change_option"
    }
  },
  {
    "model": "auth.permission",
    "pk": 71,
    "fields": {
      "name": "Can delete option",
      "content_type": 19,
      "codename": "delete_option"
    }
  },
  {
    "model": "auth.permission",
    "pk": 72,
    "fields": {
      "name": "Can view option",
      "content_type": 19,
      "codename": "view_option"
    }
  },
  {
    "model": "auth.permission",
    "pk": 73,
    "fields": {
      "name": "Can add option group",
      "content_type": 18,
      "codename": "add_optiongroup"
    }
  },
  {
    "model": "auth.permission",
    "pk": 74,
    "fields": {
      "name": "Can change option group",
      "content_type": 18,
      "codename": "change_optiongroup"
    }
  },
  {
    "model": "auth.permission",
    "pk": 75,
    "fields": {
      "name": "Can delete option group",
      "content_type": 18,
      "codename": "delete_optiongroup"
    }
  },
  {
    "model": "auth.permission",
    "pk": 76,
    "fields": {
      "name": "Can view option group",
      "content_type": 18,
      "codename": "view_optiongroup"
    }
  },
  {
    "model": "auth.permission",
    "pk": 77,
    "fields": {
      "name": "Can add product",
      "content_type": 20,
      "codename": "add_product"
    }
  },
  {
    "model": "auth.permission",
    "pk": 78,
    "fields": {
      "name": "Can change product",
      "content_type": 20,
      "codename": "change_product"
    }
  },
  {
    "model": "auth.permission",
    "pk": 79,
    "fields": {
      "name": "Can delete product",
      "content_type": 20,
      "codename": "delete_product"
    }
  },
  {
    "model": "auth.permission",
    "pk": 80,
    "fields": {
      "name": "Can view product",
      "content_type": 20,
      "codename": "view_product"
    }
  },
  {
    "model": "auth.permission",
    "pk": 81,
    "fields": {
      "name": "Can add category",
      "content_type": 17,
      "codename": "add_category"
    }
  },
  {
    "model": "auth.permission",
    "pk": 82,
    "fields": {
      "name": "Can change category",
      "content_type": 17,
      "codename": "change_category"
    }
  },
  {
    "model": "auth.permission",
    "pk": 83,
    "fields": {
      "name": "Can delete category",
      "content_type": 17,
      "codename": "delete_category"
    }
  },
  {
    "model": "auth.permission",
    "pk": 84,
    "fields": {
      "name": "Can view category",
      "content_type": 17,
      "codename": "view_category"
    }
  },
  {
    "model": "auth.user",
    "pk": 1,
    "fields": {
      "password": "pbkdf2_sha256$1200000$B9d80jHlpaEzDie3VzGHUK$SFEZRdsV80+Jy/as5GufTfBf6dvhLtMVjfvJiCwe+X4=",
      "last_login": "2026-04-07T18:17:09.327Z",
      "is_superuser": true,
      "username": "yousuf",
      "first_name": "",
      "last_name": "",
      "email": "yalibra69@gmail.com",
      "is_staff": true,
      "is_active": true,
      "date_joined": "2026-04-05T08:19:39.730Z",
      "groups": [],
      "user_permissions": []
    }
  },
  {
    "model": "contenttypes.contenttype",
    "pk": 1,
    "fields": {
      "app_label": "orders",
      "model": "category"
    }
  },
  {
    "model": "contenttypes.contenttype",
    "pk": 2,
    "fields": {
      "app_label": "orders",
      "model": "option"
    }
  },
  {
    "model": "contenttypes.contenttype",
    "pk": 3,
    "fields": {
      "app_label": "orders",
      "model": "optiongroup"
    }
  },
  {
    "model": "contenttypes.contenttype",
    "pk": 4,
    "fields": {
      "app_label": "orders",
      "model": "order"
    }
  },
  {
    "model": "contenttypes.contenttype",
    "pk": 5,
    "fields": {
      "app_label": "orders",
      "model": "orderitem"
    }
  },
  {
    "model": "contenttypes.contenttype",
    "pk": 6,
    "fields": {
      "app_label": "orders",
      "model": "orderitemoption"
    }
  },
  {
    "model": "contenttypes.contenttype",
    "pk": 7,
    "fields": {
      "app_label": "orders",
      "model": "orderstatus"
    }
  },
  {
    "model": "contenttypes.contenttype",
    "pk": 8,
    "fields": {
      "app_label": "orders",
      "model": "product"
    }
  },
  {
    "model": "contenttypes.contenttype",
    "pk": 9,
    "fields": {
      "app_label": "orders",
      "model": "productoption"
    }
  },
  {
    "model": "contenttypes.contenttype",
    "pk": 10,
    "fields": {
      "app_label": "orders",
      "model": "restauranttable"
    }
  },
  {
    "model": "contenttypes.contenttype",
    "pk": 11,
    "fields": {
      "app_label": "admin",
      "model": "logentry"
    }
  },
  {
    "model": "contenttypes.contenttype",
    "pk": 12,
    "fields": {
      "app_label": "auth",
      "model": "group"
    }
  },
  {
    "model": "contenttypes.contenttype",
    "pk": 13,
    "fields": {
      "app_label": "auth",
      "model": "permission"
    }
  },
  {
    "model": "contenttypes.contenttype",
    "pk": 14,
    "fields": {
      "app_label": "auth",
      "model": "user"
    }
  },
  {
    "model": "contenttypes.contenttype",
    "pk": 15,
    "fields": {
      "app_label": "contenttypes",
      "model": "contenttype"
    }
  },
  {
    "model": "contenttypes.contenttype",
    "pk": 16,
    "fields": {
      "app_label": "sessions",
      "model": "session"
    }
  },
  {
    "model": "contenttypes.contenttype",
    "pk": 17,
    "fields": {
      "app_label": "menu",
      "model": "category"
    }
  },
  {
    "model": "contenttypes.contenttype",
    "pk": 18,
    "fields": {
      "app_label": "menu",
      "model": "optiongroup"
    }
  },
  {
    "model": "contenttypes.contenttype",
    "pk": 19,
    "fields": {
      "app_label": "menu",
      "model": "option"
    }
  },
  {
    "model": "contenttypes.contenttype",
    "pk": 20,
    "fields": {
      "app_label": "menu",
      "model": "product"
    }
  },
  {
    "model": "contenttypes.contenttype",
    "pk": 21,
    "fields": {
      "app_label": "menu",
      "model": "productoption"
    }
  },
  {
    "model": "sessions.session",
    "pk": "50rt43h8lrz67uicfhp5gv1b6yf4il2f",
    "fields": {
      "session_data": ".eJxVjEsOwiAUAO_C2hB-jxaX7j0DgfdAqgaS0q6Md1eSLnQ7M5kX82Hfit97Wv1C7MwkO_2yGPCR6hB0D_XWOLa6rUvkI-GH7fzaKD0vR_s3KKGXsc0K8qTAgLSY5iRIggVt8uwwahtBk50jWYQQnBMwKSLUZjICvwwde38Azbs3gQ:1wAAz7:WTd3LSUeX2fLJqAzdmX8fCs8-cafSHAw770lUUWQRWM",
      "expire_date": "2026-04-21T18:17:09.327Z"
    }
  },
  {
    "model": "sessions.session",
    "pk": "v9hl3b7zddzel1fdk426udo3ujvy94dh",
    "fields": {
      "session_data": ".eJxVjEsOwiAUAO_C2hB-jxaX7j0DgfdAqgaS0q6Md1eSLnQ7M5kX82Hfit97Wv1C7MwkO_2yGPCR6hB0D_XWOLa6rUvkI-GH7fzaKD0vR_s3KKGXsc0K8qTAgLSY5iRIggVt8uwwahtBk50jWYQQnBMwKSLUZjICvwwde38Azbs3gQ:1w9IiK:vFaZz3vXHqbc57q0cK_h9E5xR1Gy9R6aFHzUF0J9970",
      "expire_date": "2026-04-19T08:20:12.303Z"
    }
  }
]